name,vid,start,end,result,player
0001,V007,14614,14684,In,Far
0002,V007,15117,15159,In,Far
0003,V007,15544,15612,In,Far
0004,V007,15980,16041,Fault,Near
0005,V007,16257,16309,In,Far
0006,V007,16866,16923,In,Far
0007,V007,18139,18200,In,Near
0008,V007,18570,18633,Fault,Near
0009,V007,18809,18878,In,Near
0010,V007,19603,19696,In,Near
0011,V007,20265,20351,Fault,Near
0012,V007,20584,20632,In,Near
0013,V007,21276,21325,In,Near
0014,V007,21793,21872,Fault,Near
0015,V007,22087,22159,In,Near
0016,V007,22762,22822,In,Near
0017,V007,23303,23358,Fault,Near
0018,V007,23564,23618,In,Near
0019,V007,24472,24531,In,Near
0020,V007,25182,25236,In,Near
0021,V007,25976,26036,Fault,Near
0022,V007,26237,26290,In,Near
0023,V007,27125,27170,In,Near
0024,V007,28040,28106,Fault,Near
0025,V007,28348,28405,In,Near
0026,V007,29406,29453,In,Near
0027,V007,30120,30174,In,Near
0028,V007,30792,30832,In,Near
0029,V007,34062,34125,In,Far
0030,V007,34536,34607,Fault,Near
0031,V007,34726,34785,In,Far
0032,V007,35349,35425,In,Far
0033,V007,35843,35911,In,Far
0034,V007,36541,36645,In,Far
0035,V007,37375,37425,In,Far
0036,V007,37916,37971,In,Far
0037,V007,38449,38476,In,Far
0038,V007,38886,38953,In,Far
0039,V007,39322,39417,Fault,Near
0040,V007,39548,39607,In,Far
0041,V007,40197,40260,In,Far
0042,V007,40719,40782,In,Far
0043,V007,41286,41334,Fault,Near
0044,V007,41503,41561,In,Far
0045,V007,42100,42152,Fault,Near
0046,V007,42294,42355,In,Far
0047,V007,43056,43123,Fault,Near
0048,V007,43317,43383,In,Far
0049,V007,43917,43983,Fault,Near
0050,V007,44401,44476,In,Far
0051,V007,45020,45077,In,Far
0052,V007,45744,45809,In,Far
0053,V007,46966,47033,Fault,Near
0054,V007,47280,47347,In,Far
0055,V007,47798,47854,Fault,Near
0056,V007,48137,48183,In,Far
0057,V007,48678,48731,In,Far
0058,V007,49091,49145,In,Far
0059,V007,49827,49898,In,Far
0060,V007,52181,52236,Fault,Near
0061,V007,52390,52465,In,Near
0062,V007,53132,53180,Fault,Near
0063,V007,53442,53530,In,Near
0064,V007,54110,54176,In,Near
0065,V007,54850,54886,In,Near
0066,V007,55234,55270,In,Near
0067,V007,55719,55780,Fault,Near
0068,V007,55952,56018,In,Near
0069,V007,56999,57054,In,Near
0070,V007,57583,57639,In,Near
0071,V007,58176,58234,In,Near
0072,V007,58866,58944,In,Near
0073,V007,60040,60103,Fault,Near
0074,V007,60353,60407,In,Near
0075,V007,60901,60954,In,Near
0076,V007,61474,61526,In,Near
0077,V007,61965,62021,In,Near
0078,V007,62508,62570,In,Near
0079,V007,65941,66028,Fault,Near
0080,V007,66193,66248,In,Far
0081,V007,66764,66839,Fault,Near
0082,V007,66981,67043,In,Far
0083,V007,67858,67923,In,Far
0084,V007,68290.0,68316,In,Far
0085,V007,69175,69233,Fault,Near
0086,V007,69378,69433,In,Far
0087,V007,69753,69833,In,Far
0088,V007,71378,71430,In,Near
0089,V007,72106,72166,In,Near
0090,V007,72641,72706,In,Near
0091,V007,73634,73692,In,Near
0092,V007,74568,74624,Fault,Near
0093,V007,74965,75020,In,Near
0094,V007,75759,75819,Let,Near
0095,V007,76100,76163,Fault,Near
0096,V007,76422,76475,In,Near
0097,V007,77349,77442,Fault,Near
0098,V007,77589,77655,In,Near
0099,V007,78429.0,78465,In,Near
0100,V007,78857,78900,In,Near
0101,V007,79307,79376,In,Near
0102,V007,79823,79928,Fault,Near
0103,V007,80161,80198,In,Near
0104,V007,82793,82844,In,Far
0105,V007,83185,83244,In,Far
0106,V007,83733,83790,In,Far
0107,V007,84130,84193,Fault,Near
0108,V007,84336,84389,In,Far
0109,V007,85051,85095,In,Far
0110,V007,85950,86019,Let,Near
0111,V007,86253,86315,Fault,Near
0112,V007,86453,86513,In,Far
0113,V007,87262,87333,In,Far
0114,V007,88163,88249,In,Far
0115,V007,89313,89377,Fault,Near
0116,V007,89525,89579,In,Far
0117,V007,90318,90402,In,Far
0118,V007,90911,90962,In,Far
0119,V007,91655,91712,In,Far
0120,V007,94912,94974,Fault,Near
0121,V007,95177,95233,In,Near
0122,V007,95875,95924,In,Near
0123,V007,96684,96742,In,Near
0124,V007,97396,97445,In,Near
0125,V007,98280,98324,In,Near
0126,V007,99241,99288,In,Near
0127,V007,100056.0,100116,In,Near
0128,V007,100699,100746,In,Near
0129,V007,101639,101697,In,Near
0130,V007,102806,102869,Fault,Near
0131,V007,103029,103081,In,Near
0132,V007,103869,103927,Fault,Near
0133,V007,104070,104126,In,Near
0134,V007,104874,104939,Let,Near
0135,V007,105119,105174,In,Near
0136,V007,108029,108078,In,Far
0137,V007,108553,108597,Fault,Near
0138,V007,108928,108968,In,Far
0139,V007,109418,109476,Fault,Near
0140,V007,109674,109733,In,Far
0141,V007,110524,110574,In,Far
0142,V007,111307,111362,Fault,Near
0143,V007,111582,111636,In,Far
0144,V007,112630,112677,In,Far
0145,V007,113906,113956,Fault,Near
0146,V007,114209,114265,In,Far
0147,V007,115285,115325,In,Far
0148,V007,116189,116242,In,Far
0149,V007,116747,116806,Fault,Near
0150,V007,116977,117037,In,Far
0151,V007,117722,117772,In,Far
0152,V007,118328,118393,Let,Near
0153,V007,118600,118653,In,Far
0154,V007,119416,119450,In,Far
0155,V007,120253,120327,Fault,Near
0156,V007,120493,120553,In,Far
0157,V007,123271,123324,In,Near
0158,V007,123687,123739,In,Near
0159,V007,124716,124764,In,Near
0160,V007,125303,125353,In,Near
0161,V007,126016,126077,In,Near
0162,V007,126941,126999,Fault,Near
0163,V007,127157,127175,In,Near
0164,V007,127684,127756,In,Near
0165,V007,128187,128255,In,Near
0166,V007,129097.0,129142,In,Near
0167,V007,129862,129924,Fault,Near
0168,V007,130126,130186,In,Near
0169,V007,132800.0,132857,In,Near
0170,V007,133479,133527,In,Near
0171,V007,134249,134299,In,Near
0172,V007,134999,135056,In,Near
0001,V009,5698,5779,Fault,Far
0002,V009,5938,5991,In,Far
0003,V009,6499,6591,In,Far
0004,V009,8107,8200,Fault,Far
0005,V009,8399,8453,In,Far
0006,V009,9493,9560,In,Far
0007,V009,10508,10590,In,Far
0008,V009,11886,11931,In,Near
0009,V009,12332,12402,In,Near
0010,V009,12746,12804,Let,Far
0011,V009,12966,13026,In,Near
0012,V009,13514,13567,Fault,Far
0013,V009,13696,13752,Fault,Near
0014,V009,14152,14213,In,Near
0015,V009,15235,15325,In,Near
0016,V009,16319,16402,Fault,Far
0017,V009,16590,16649,In,Near
0018,V009,17373,17461,In,Near
0019,V009,18009,18102,In,Near
0020,V009,18759,18797,Fault,Far
0021,V009,18976,19032,In,Near
0022,V009,20074,20131,In,Near
0023,V009,20689,20781,In,Near
0024,V009,21579,21682,In,Near
0025,V009,24271,24322,Fault,Far
0026,V009,24560,24623,In,Far
0027,V009,25271,25337,In,Far
0028,V009,26485,26537,In,Far
0029,V009,27060,27107,In,Far
0030,V009,27507,27560,In,Far
0031,V009,28041,28097,Fault,Far
0032,V009,28303,28365,In,Far
0033,V009,29661,29744,In,Far
0034,V009,30477,30566,In,Far
0035,V009,31189,31292,Let,Far
0036,V009,31604,31701,In,Far
0037,V009,32408,32497,In,Far
0038,V009,33297,33395,Fault,Far
0039,V009,33575,33636,In,Far
0040,V009,36190,36240,In,Near
0041,V009,36759,36818,In,Near
0042,V009,37334,37391,In,Near
0043,V009,37837,37891,In,Near
0044,V009,38480,38522,In,Near
0045,V009,38943,38999,Let,Far
0046,V009,39202,39251,Fault,Far
0047,V009,39405.0,39454,In,Near
0048,V009,40871,40953,Fault,Far
0049,V009,41127,41199,In,Near
0050,V009,43037,43119,In,Near
0051,V009,44318,44443,Let,Far
0052,V009,45081,45163,In,Near
0053,V009,45695,45794,In,Near
0054,V009,46227,46313,Fault,Far
0055,V009,46582,46670,Fault,Near
0056,V009,47261,47338,In,Near
0057,V009,49858,49930,In,Far
0058,V009,50616,50677,In,Far
0059,V009,51038,51108,In,Far
0060,V009,51641,51711,Fault,Far
0061,V009,51885,51941,In,Far
0062,V009,52932.0,52984,Let,Far
0063,V009,53199,53266,Fault,Far
0064,V009,53460,53526,In,Far
0065,V009,54629,54685,Let,Far
0066,V009,55075.0,55128,Fault,Far
0067,V009,55301,55364,In,Far
0068,V009,56568,56643,Fault,Far
0069,V009,56853,56904,In,Near
0070,V009,58036,58135,In,Near
0071,V009,58801,58894,In,Near
0072,V009,59522,59573,In,Near
0073,V009,62666,62722,In,Far
0074,V009,63330,63382,In,Far
0075,V009,64121,64171,In,Far
0076,V009,64528,64579,In,Far
0077,V009,65359,65396,Fault,Far
0078,V009,66050,66103,In,Far
0079,V009,66869,66932,Fault,Far
0080,V009,67101,67164,In,Far
0081,V009,68783,68868,In,Near
0082,V009,69625,69729,Fault,Far
0083,V009,69918,69989,In,Near
0084,V009,70766,70823,In,Near
0085,V009,71564,71649,In,Near
0086,V009,72509,72588,Fault,Far
0087,V009,72773,72821,In,Near
0088,V009,73516,73599,In,Near
0089,V009,74642,74709,In,Near
0090,V009,75245,75307,In,Near
0091,V009,76079,76129,In,Near
0092,V009,77035,77094,In,Near
0093,V009,77742,77810,In,Near
0094,V009,78543,78625,In,Near
0095,V009,79873,79958,In,Near
0096,V009,80528,80620,Fault,Far
0097,V009,80861.0,80926,In,Near
0098,V009,82284,82328,In,Near
0099,V009,82655,82717,In,Near
0100,V009,83352,83399,In,Near
0101,V009,83702,83775,Fault,Far
0102,V009,83950.0,83984,In,Near
0103,V009,86957,87025,Fault,Far
0104,V009,87195,87263,In,Far
0105,V009,87761,87830,In,Far
0106,V009,88577,88670,In,Far
0107,V009,89224,89260,In,Far
0108,V009,89659,89734,Fault,Far
0109,V009,90237,90295,In,Far
0110,V009,90985,91044,In,Far
0111,V009,91520,91580,In,Far
0112,V009,92526,92563,In,Far
0113,V009,93011,93075,In,Far
0114,V009,93688,93742,Fault,Far
0115,V009,93924,93992,Let,Far
0116,V009,94161,94210,In,Far
0117,V009,95080,95156,In,Far
0118,V009,95624,95663,In,Far
0119,V009,96229,96306,In,Far
0120,V009,96913,96942,In,Far
0121,V009,97583,97591,In,Far
0122,V009,98356,98408,In,Far
0123,V009,98831,98901,In,Far
0124,V009,99719,99783,In,Far
0125,V009,100357,100415,Fault,Far
0126,V009,100586,100640,In,Far
0127,V009,101188,101245,In,Far
0128,V009,101734,101789,In,Far
0129,V009,104715,104783,Fault,Far
0130,V009,104955,105026,In,Near
0131,V009,105599,105701,In,Near
0132,V009,106199,106274,In,Near
0133,V009,107014,107097,In,Near
0134,V009,108201,108285,Fault,Far
0135,V009,108542,108611,In,Near
0136,V009,110045,110114,In,Near
0137,V009,110867,110950,In,Near
0138,V009,112039,112111,Fault,Far
0139,V009,112294.0,112367,In,Near
0140,V009,113280,113322,In,Near
0141,V009,113619,113679,In,Near
0142,V009,113951,114008,In,Near
0143,V009,114424,114475.0,In,Near
0144,V009,115035,115096,In,Near
0145,V009,118096,118168,In,Far
0146,V009,118594,118677,In,Far
0147,V009,119115,119166,In,Far
0148,V009,120400,120466,In,Far
0149,V009,120872,120965,In,Far
0150,V009,121669,121735,In,Far
0151,V009,122025,122076,In,Far
0152,V009,122479,122534,In,Far
0153,V009,122899,122947,Fault,Far
0154,V009,123200,123223,Let,Far
0155,V009,123478,123535,In,Far
0156,V009,124108,124147,In,Far
0157,V009,125078,125132,In,Far
0158,V009,125739,125796,Fault,Far
0159,V009,125961,126017,In,Far
0160,V009,126626,126677,In,Far
0161,V009,127251,127315,In,Far
0162,V009,127726,127794,Fault,Far
0163,V009,127996,128060,In,Far
0164,V009,128898,128932,Let,Far
0165,V009,129134,129190,In,Far
0166,V009,129598,129640,In,Far
0167,V009,132480,132567,In,Near
0168,V009,133373,133439,Fault,Far
0169,V009,133606,133677,Fault,Near
0170,V009,134339,134417,In,Near
0171,V009,134875,134965,Fault,Far
0172,V009,135153,135223,In,Near
0173,V009,135753,135846,In,Near
0174,V009,136586,136635,In,Near
0175,V009,137114,137163,Fault,Far
0176,V009,137363,137392,In,Near
0177,V009,137780,137829,In,Near
0178,V009,138298,138354,Fault,Far
0179,V009,138496.0,138555,In,Near
0180,V009,141371,141444,In,Far
0181,V009,142010,142089,In,Far
0182,V009,142592,142659,Let,Far
0183,V009,142955,143035,In,Far
0184,V009,143978,144043,In,Far
0185,V009,144831,144892,In,Far
0186,V009,145402,145466,In,Far
0187,V009,146371,146423,Fault,Far
0188,V009,146611,146657,In,Far
0189,V009,147455,147530,Fault,Far
0190,V009,147705,147781,In,Far
0191,V009,148567,148649,In,Far
0192,V009,150450,150505,In,Far
0193,V009,151261,151318,In,Far
0194,V009,152170,152247,Fault,Far
0195,V009,152410,152482,In,Far
0196,V009,153939,154011,In,Near
0197,V009,154687,154723,Let,Far
0198,V009,154944,154994,Fault,Far
0199,V009,155172,155226,In,Near
0200,V009,155955,156031,Fault,Far
0201,V009,156227,156266,In,Near
0202,V009,158044,158111,In,Near
0203,V009,159551,159636,In,Near
0204,V009,160679,160739,In,Far
0205,V009,164434,164516,Fault,Far
0206,V009,164695,164767,In,Far
0207,V009,165281,165349,In,Far
0208,V009,165791,165861,In,Far
0209,V009,166420,166487,Fault,Far
0210,V009,166696,166736,Fault,Far
0211,V009,167123,167207,In,Far
0212,V009,168642,168710,In,Near
0213,V009,169297,169338,In,Near
0214,V009,169740,169797,In,Near
0215,V009,170335,170397,Fault,Far
0216,V009,170565,170605,In,Near
0217,V009,171395,171465,In,Near
0218,V009,172086,172156,Fault,Far
0219,V009,172307,172359,In,Near
0220,V009,173395,173449,Fault,Far
0221,V009,173654,173720,In,Near
0222,V009,174264,174324,In,Near
0223,V009,175642,175723,In,Near
0224,V009,176355,176432,Fault,Far
0225,V009,176613,176683,In,Near
0226,V009,177889,177973,Fault,Far
0227,V009,178165,178234,In,Near
0228,V009,179179,179250,In,Near
0229,V009,179744,179803,Fault,Far
0230,V009,179978,180047,In,Near
0231,V009,180846,180922,Let,Far
0232,V009,181309,181400,Fault,Far
0233,V009,181565,181637,In,Near
0234,V009,182822,182892,In,Near
0235,V009,183446,183541,Fault,Far
0236,V009,183707,183784,In,Near
0237,V009,186636,186697,Fault,Far
0238,V009,186866,186916,In,Far
0239,V009,187603,187651,In,Far
0240,V009,188138,188200,Fault,Far
0241,V009,188349,188406,In,Far
0242,V009,188858,188918,In,Far
0243,V009,189386,189457,Fault,Far
0244,V009,189638,189676,In,Far
0245,V009,190683,190765,Fault,Far
0246,V009,190929,191004,In,Far
0247,V009,191941,192031,In,Far
0248,V009,192607,192688,In,Far
0249,V009,193144,193237,In,Far
0250,V009,193941,194027,In,Far
0251,V009,194775,194811,In,Far
0252,V009,197582,197640,Fault,Far
0253,V009,197794,197855,In,Near
0254,V009,199088,199147,Fault,Far
0255,V009,199296,199356,In,Near
0256,V009,199752.0,199778,Fault,Far
0257,V009,199973,200002,In,Near
0258,V009,200557,200576,In,Near
0259,V009,201224,201249,In,Near
0260,V009,201705,201747,Fault,Far
0261,V009,201916,201978,In,Near
0262,V009,203002,203073,In,Near
0263,V009,203524,203618,In,Near
0264,V009,204720,204821,In,Near
0265,V009,205599,205685,In,Near
0266,V009,206344,206448,In,Near
0267,V009,207130,207212,In,Near
0268,V009,208206,208275,Fault,Far
0269,V009,208466,208517,In,Near
0270,V009,209755,209852,In,Near
0271,V009,210874,210961,Let,Far
0272,V009,211359,211430,In,Near
0273,V009,212609,212691,In,Near
0274,V009,214142,214210,In,Near
0275,V009,214878,214974,Fault,Far
0276,V009,215212.0,215265,In,Near
0277,V009,218056,218106,In,Far
0278,V009,218414,218465,Fault,Far
0279,V009,218645,218710,In,Far
0280,V009,219158,219248,Let,Far
0281,V009,219405,219462,In,Far
0282,V009,219790,219863,In,Far
0283,V009,220968,221040,In,Far
0284,V009,221852,221945,Fault,Far
0285,V009,222128,222194,In,Far
0286,V009,222993,223074,Fault,Far
0287,V009,223276,223313,In,Far
0288,V009,224193,224270,Fault,Far
0289,V009,224435,224519,In,Far
0290,V009,225356,225418,Fault,Far
0291,V009,225604,225682,In,Far
0292,V009,226702,226771,In,Far
0293,V009,227744,227819,Fault,Far
0294,V009,227978,228049,In,Far
0295,V009,228906,228988,In,Far
0296,V009,229887,229971,In,Far
0297,V009,230535,230622,In,Far
0298,V009,233111,233159,Fault,Far
0299,V009,233329,233382,In,Near
0300,V009,233715,233774,In,Near
0301,V009,234205,234265,In,Near
0302,V009,234685,234725,In,Near
0303,V009,235850,235921,In,Near
0304,V009,236478,236567,In,Near
0305,V009,237268,237327,Let,Far
0306,V009,237617,237711,Let,Far
0307,V009,238008,238091,Fault,Far
0308,V009,238257,238339,In,Near
0309,V009,239243,239337,In,Near
0310,V009,240016,240112,In,Near
0311,V009,243056,243097,Fault,Far
0312,V009,243249,243312,In,Far
0313,V009,243696,243763,Let,Far
0314,V009,243963,243995,In,Far
0315,V009,244581,244602,Fault,Far
0316,V009,244761,244821,In,Far
0317,V009,245308,245383,Fault,Far
0318,V009,245547.0,245598,In,Far
0319,V009,247185,247280,In,Far
0320,V009,247686,247776,Fault,Far
0321,V009,248017,248081,In,Far
0322,V009,249081,249175,In,Far
0323,V009,249650,249746,In,Near
0324,V009,250455,250542,In,Far
0325,V009,253002,253069,Fault,Far
0326,V009,253271,253327,In,Near
0327,V009,253882,253943,Fault,Far
0328,V009,254118,254186,In,Near
0329,V009,254930,254999,In,Near
0330,V009,255387,255449,In,Near
0331,V009,255843,255876,In,Near
0332,V009,256451,256518,Fault,Far
0333,V009,256977,257038,In,Near
0334,V009,258247,258326,In,Near
0335,V009,259232,259330,Fault,Far
0336,V009,259498,259566,In,Near
0337,V009,260382,260465,Fault,Far
0338,V009,260978,261068,In,Near
0339,V009,261961,262033,In,Near
0340,V009,263340,263436,Fault,Far
0341,V009,263615,263698,In,Near
0342,V009,264830,264912,In,Near
0343,V009,266168,266233,In,Near
0344,V009,267101,267200,Let,Far
0345,V009,268001,268072,In,Near
0346,V009,270750,270798,Fault,Far
0347,V009,270932,270995,In,Far
0348,V009,271815,271879,In,Far
0349,V009,272392,272443,Fault,Far
0350,V009,272637,272693,In,Far
0351,V009,273323.0,273356,In,Far
0352,V009,273766,273827,In,Far
0353,V009,274387,274453,In,Far
0354,V009,275543,275619,Fault,Far
0355,V009,275831,275877,In,Far
0356,V009,276922,276998,In,Far
0357,V009,277994,278067,Fault,Far
0358,V009,278268,278320,In,Far
0359,V009,279928,280001,In,Far
0360,V009,280769,280864,In,Far
0361,V009,282262,282349,In,Far
0362,V009,285011,285078,Fault,Far
0363,V009,285259,285322,In,Near
0364,V009,286133,286182,In,Near
0365,V009,286776,286821,In,Near
0366,V009,287217,287283,Fault,Far
0367,V009,287486,287518,In,Near
0368,V009,288113,288152,In,Near
0369,V009,289298,289388,Fault,Far
0370,V009,289603,289681,Fault,Near
0371,V009,290300,290393,In,Near
0372,V009,291162,291243,In,Near
0373,V009,291892,291959,Fault,Far
0374,V009,292126,292211,Fault,Near
0375,V009,293166,293246,In,Near
0376,V009,294412,294501,In,Near
0377,V009,297138,297217,Fault,Far
0378,V009,297389,297456,In,Far
0379,V009,298262,298326,Let,Far
0380,V009,298532,298592,In,Far
0381,V009,299601,299647,In,Far
0382,V009,300714,300743,In,Far
0383,V009,302845,302928,In,Far
0384,V009,303485,303559,In,Far
0385,V009,304064,304127,In,Far
0386,V009,305002,305074,Fault,Far
0387,V009,305263,305301,Let,Far
0388,V009,305574,305658,In,Far
0389,V009,306781,306845,In,Far
0390,V009,309628,309697,In,Near
0391,V009,309982,310047,In,Near
0392,V009,310367,310425,In,Near
0393,V009,310934,310955,Fault,Far
0394,V009,311214,311256,In,Near
0395,V009,312372,312451,In,Near
0396,V009,313068,313151,Fault,Far
0397,V009,313348.0,313414,In,Near
0398,V009,314093,314172,In,Near
0399,V009,315253,315338,In,Near
0400,V009,316173,316247,In,Near
0401,V009,318992,319051,In,Far
0402,V009,319778,319835,Fault,Far
0403,V009,320029,320067,Let,Far
0404,V009,320270,320302,In,Far
0405,V009,321011,321069,In,Far
0406,V009,321534,321592,In,Far
0407,V009,322112,322166,In,Far
0408,V009,322721,322791,In,Far
0409,V009,324339,324377,Fault,Far
0410,V009,324574,324649,In,Far
0411,V009,325193,325266,Fault,Far
0412,V009,325455,325524,In,Far
0413,V009,326125,326198,Fault,Far
0414,V009,326428,326476,In,Far
0415,V009,327404,327461,In,Far
0416,V009,328131,328216,Fault,Far
0417,V009,328381,328463,In,Far
0418,V009,334954,335011,In,Near
0419,V009,335689,335748,In,Near
0420,V009,336156,336219,In,Near
0421,V009,336608,336660,In,Near
0422,V009,336997,337051,In,Near
0423,V009,338284,338356,In,Near
0424,V009,338872,338935,In,Near
0425,V009,340252,340322,In,Near
0426,V009,340798,340859,In,Near
0427,V009,341566,341657,In,Near
0428,V009,344111,344168,In,Far
0429,V009,344522,344558,In,Far
0430,V009,344960,345006,In,Far
0431,V009,345700,345757,In,Far
0432,V009,346863,346937,Fault,Far
0433,V009,347258,347335,In,Far
0434,V009,348303,348384,Fault,Far
0435,V009,348564,348648,In,Far
0436,V009,349756,349827,In,Far
0437,V009,351205,351272,In,Far
0438,V009,352478,352552,In,Far
0439,V009,353425,353510,In,Far
0440,V009,354489,354561,In,Far
0441,V009,355094,355184,Fault,Far
0442,V009,355347,355423,In,Far
0443,V009,358143.0,358206,In,Near
0444,V009,358610,358658,Fault,Far
0445,V009,358827,358870,In,Near
0446,V009,359421,359482,Fault,Far
0447,V009,359702,359759,In,Near
0448,V009,360442,360509,In,Near
0449,V009,361016,361056,In,Near
0450,V009,361407,361467,In,Near
0451,V009,362149.0,362218,Fault,Far
0452,V009,362375,362424,In,Near
0453,V009,362959,363020,In,Near
0454,V009,363588,363656,In,Near
0455,V009,364220,364274,Fault,Far
0456,V009,364444,364487,In,Near
0457,V009,366295,366358,Fault,Far
0458,V009,366550,366589,In,Near
0459,V009,367495,367575,Fault,Far
0460,V009,368192,368261,In,Near
0461,V009,369577,369661,In,Near
0462,V009,370383,370471,In,Near
0463,V009,371398,371474,In,Near
0464,V009,372475,372561,Let,Far
0465,V009,372898,372973,In,Near
0466,V009,375598,375658,In,Far
0467,V009,375972,376016,In,Far
0468,V009,376555,376620,In,Far
0469,V009,376987,377043,In,Far
0470,V009,378338,378423,In,Far
0471,V009,378857,378940,Let,Far
0472,V009,379326,379371,Fault,Far
0473,V009,379545,379618,In,Far
0474,V009,380431,380505,In,Far
0475,V009,381287,381384,In,Far
0476,V009,382015,382094,In,Far
0477,V009,385048,385104,In,Near
0478,V009,385435,385494,Fault,Far
0479,V009,385643,385681,In,Near
0480,V009,386483,386540,In,Near
0481,V009,387050,387130,Fault,Far
0482,V009,387293,387352,In,Near
0483,V009,388037,388096,In,Near
0484,V009,389165,389257,Fault,Far
0485,V009,389456,389512,In,Near
0486,V009,390301,390417,In,Near
0487,V009,391434,391519,In,Near
0488,V009,392739,392803,In,Near
0489,V009,393631,393722,Fault,Far
0490,V009,393893,393963,In,Near
0491,V009,396850,396909,Fault,Far
0492,V009,397066,397129,In,Far
0493,V009,397794,397842,In,Far
0494,V009,398468,398527,Fault,Far
0495,V009,398704,398739,Fault,Far
0496,V009,399380,399445,Fault,Far
0497,V009,399670,399709,In,Far
0498,V009,400423,400488,Fault,Far
0499,V009,400663,400712,In,Far
0500,V009,401834,401898,Fault,Far
0501,V009,402087,402148,In,Far
0502,V009,403089,403155,In,Far
0503,V009,403742,403805,Fault,Far
0504,V009,403951,404008,In,Far
0001,V008,1895,2004,In,Far
0002,V008,2656,2776,In,Far
0003,V008,3306,3420,In,Far
0004,V008,3997,4071,In,Far
0005,V008,4590,4673,In,Far
0006,V008,5846,5924,In,Near
0007,V008,6757,6840,Fault,Near
0008,V008,7163,7228,In,Near
0009,V008,8008,8064,In,Near
0010,V008,8622,8682,In,Near
0011,V008,9084,9159,In,Near
0012,V008,9722,9792,Fault,Near
0013,V008,10071,10166,In,Near
0014,V008,10825.0,10922,Fault,Near
0015,V008,11062,11173,In,Near
0016,V008,12034,12117,Fault,Near
0017,V008,12334.0,12391,In,Near
0018,V008,12966,13043,Let,Near
0019,V008,13311,13350,In,Near
0020,V008,13946,14040,Fault,Near
0021,V008,14272,14330,In,Near
0022,V008,15083,15200,In,Near
0023,V008,18041,18122,Fault,Near
0024,V008,18321,18392,In,Far
0025,V008,19073,19141,Fault,Near
0026,V008,19413,19490,In,Far
0027,V008,20336,20408,In,Far
0028,V008,20923,20993,Fault,Near
0029,V008,21195,21279,In,Far
0030,V008,21725,21794,In,Far
0031,V008,22508,22586,Fault,Near
0032,V008,22756,22879,In,Far
0033,V008,23400,23521,In,Far
0034,V008,24009,24134,Fault,Near
0035,V008,24359,24409,In,Far
0036,V008,24934,25067,Fault,Near
0037,V008,25249,25334,Fault,Far
0038,V008,25877,25888,In,Far
0039,V008,26378,26499,In,Far
0040,V008,29538,29605,In,Near
0041,V008,29971,30039,Let,Near
0042,V008,30427,30496,In,Near
0043,V008,31012,31071,In,Near
0044,V008,31600,31674,In,Near
0045,V008,32338,32448,In,Near
0046,V008,32831,32931,Fault,Near
0047,V008,33138,33194,In,Near
0048,V008,33749,33823,In,Near
0049,V008,34403,34464,Fault,Near
0050,V008,34689,34746,In,Near
0051,V008,35422,35514,In,Near
0052,V008,36227,36284,In,Near
0053,V008,37002,37088,In,Near
0054,V008,37894,37965,Fault,Near
0055,V008,38169,38235,In,Near
0056,V008,38766,38826,Fault,Near
0057,V008,39033,39115,In,Near
0058,V008,39676,39734,Fault,Near
0059,V008,39952,40038,In,Near
0060,V008,43876,43950,Fault,Near
0061,V008,44236,44302,In,Far
0062,V008,44789,44845,In,Far
0063,V008,45483,45561,Let,Near
0064,V008,45951,46020,Let,Near
0065,V008,46519,46589,Fault,Near
0066,V008,46823,46892,Let,Near
0067,V008,47120,47192,In,Far
0068,V008,47707,47770,In,Far
0069,V008,48537,48627,Fault,Near
0070,V008,48857,48911,In,Far
0071,V008,49737,49801,In,Far
0072,V008,50275,50341,In,Far
0073,V008,50818,50882,In,Far
0074,V008,52067,52186,In,Near
0075,V008,52810,52916,Fault,Near
0076,V008,53092,53161,In,Near
0077,V008,54005.0,54062,In,Near
0078,V008,54623,54672,Fault,Near
0079,V008,55412,55540,Fault,Near
0080,V008,56048,56143,Fault,Near
0081,V008,56285,56398,In,Near
0082,V008,57253,57331,In,Near
0083,V008,58308,58372,In,Near
0084,V008,58988,59045,In,Near
0085,V008,59595,59666,Fault,Near
0086,V008,59881,59950,In,Near
0087,V008,60555,60626,In,Near
0088,V008,63389,63513,Fault,Near
0089,V008,63752,63867,Fault,Far
0090,V008,64281,64375,Fault,Near
0091,V008,64591.0,64624,In,Far
0092,V008,65131,65247,In,Far
0093,V008,65824,65885,Fault,Near
0094,V008,66130,66184,In,Far
0095,V008,67095,67212,In,Far
0096,V008,67822,67911,In,Far
0097,V008,68651,68747,Let,Near
0098,V008,69006,69062,In,Far
0099,V008,69766,69821,Fault,Near
0100,V008,70049,70102,In,Far
0101,V008,71286,71360,In,Far
0102,V008,71960,72030,In,Far
0103,V008,72650,72720,In,Far
0104,V008,73350,73425,In,Far
0105,V008,73887,73933,In,Far
0106,V008,76471,76575,In,Near
0107,V008,77445,77596,In,Near
0108,V008,78359,78411,In,Near
0109,V008,78968,79085,In,Near
0001,V006,25780,25862,In,Far
0002,V006,26527,26615,In,Far
0003,V006,27096.0,27180,In,Far
0004,V006,27708,27779,Fault,Near
0005,V006,27976,28046,In,Far
0006,V006,29302,29365,Fault,Near
0007,V006,29729,29792,Fault,Near
0008,V006,30700,30750,In,Near
0009,V006,31416,31510,Fault,Near
0010,V006,31870,31919,In,Near
0011,V006,32632,32729,In,Near
0012,V006,33712,33781,In,Near
0013,V006,34410,34458,Fault,Near
0014,V006,34779,34856,In,Near
0015,V006,36045,36120,In,Near
0016,V006,36765,36832,In,Near
0017,V006,37515,37566,In,Near
0018,V006,38770,38851,In,Near
0019,V006,41403,41458,In,Far
0020,V006,42243,42307,In,Far
0021,V006,42865,42923,Fault,Near
0022,V006,43206,43302,In,Far
0023,V006,44103,44171,In,Far
0024,V006,44876,44932,In,Far
0025,V006,45693,45775,Fault,Near
0026,V006,46310,46395,Fault,Far
0027,V006,46989,47085,In,Far
0028,V006,47909,47968,Fault,Near
0029,V006,48222,48324,In,Far
0030,V006,49283,49333,Fault,Near
0031,V006,49691,49744,In,Far
0032,V006,50623,50649,In,Far
0033,V006,51812,51844,In,Far
0034,V006,52328,52386,In,Far
0035,V006,52914,52993,In,Far
0036,V006,53653,53714,Fault,Near
0037,V006,54153,54213,In,Far
0038,V006,55304,55380,Fault,Near
0039,V006,56257.0,56339,Fault,Far
0040,V006,57039,57100,In,Far
0041,V006,59947,60016,In,Near
0042,V006,60807,60893,In,Near
0043,V006,61510,61570,In,Near
0044,V006,62273,62310,Fault,Near
0045,V006,62891,62961,In,Near
0046,V006,63703,63760,Fault,Near
0047,V006,64150,64207,In,Near
0048,V006,65099,65163,In,Near
0049,V006,65950,66001,In,Near
0050,V006,67703,67769,Fault,Near
0051,V006,68221.0,68305,Fault,Near
0052,V006,69068,69119,In,Near
0053,V006,70274,70306,Fault,Near
0054,V006,70826,70874,In,Near
0055,V006,74580,74664,In,Far
0056,V006,75214,75268,In,Far
0057,V006,75795,75864,In,Far
0058,V006,76638,76713,Fault,Near
0059,V006,76954,77034,In,Far
0060,V006,77727,77794,In,Far
0061,V006,79282,79359,Fault,Near
0062,V006,79646,79725,In,Near
0063,V006,80387,80451,In,Near
0064,V006,81138,81174,In,Near
0065,V006,81796,81853,In,Near
0066,V006,82594,82630,Fault,Near
0067,V006,82959,83014,In,Near
0069,V006,84078,84152,In,Near
0070,V006,84623,84699,In,Near
0071,V006,85275,85342,Fault,Near
0072,V006,85635,85704,In,Near
0073,V006,86467,86526,In,Near
0074,V006,89524,89581,In,Far
0075,V006,90415,90484,Fault,Near
0076,V006,91464,91527,In,Far
0077,V006,92088,92168,In,Far
0078,V006,93167,93223,In,Far
0079,V006,94104,94187,In,Far
0080,V006,95272,95340,In,Far
0081,V006,96047,96125,Fault,Near
0082,V006,96337,96401,In,Far
0083,V006,96979,97016,Fault,Near
0084,V006,97252,97322,In,Far
0085,V006,98174,98205,In,Far
0086,V006,99244,99305,In,Far
0087,V006,100062,100137,Fault,Near
0088,V006,100361,100437,Fault,Far
0089,V006,100998,101058,In,Far
0090,V006,102053,102114,Let,Near
0091,V006,102453,102506,In,Far
0092,V006,103383,103438,In,Far
0093,V006,104163,104220,In,Far
0094,V006,104802,104865,Fault,Near
0095,V006,105133,105208,In,Far
0096,V006,105948,105987,In,Far
0097,V006,108737.0,108840,Fault,Near
0098,V006,109087,109159,Fault,Near
0099,V006,109804,109861,Fault,Near
0100,V006,110213,110268,Fault,Near
0101,V006,110958,111011,In,Near
0102,V006,111796,111851,Let,Near
0103,V006,112243,112312,In,Near
0104,V006,112950,112991,In,Near
0105,V006,114169,114245,Fault,Near
0106,V006,114499,114553,In,Near
0107,V006,115411,115474,Fault,Near
0108,V006,115810,115887,In,Near
0109,V006,116478,116522,Fault,Near
0110,V006,116818,116893,In,Near
0111,V006,118566.0,118595,Fault,Near
0112,V006,119112,119170,In,Near
0113,V006,119936,119995,In,Near
0001,V010,12906,12984,In,Far
0002,V010,13393,13462,In,Far
0003,V010,13903,13968,In,Far
0004,V010,14645,14726,In,Far
0005,V010,15681,15790,In,Near
0006,V010,16239,16344,In,Near
0007,V010,17663,17753,In,Near
0008,V010,18461,18566,Fault,Far
0009,V010,18806,18882,Fault,Near
0010,V010,19387,19444,In,Near
0011,V010,20326,20378,In,Near
0012,V010,20913,20983,Fault,Far
0013,V010,21328,21401,In,Near
0014,V010,22117,22191,In,Near
0015,V010,22615,22692,In,Near
0016,V010,23376,23455,In,Near
0017,V010,25910,26011,Fault,Far
0018,V010,26263,26350,In,Far
0019,V010,26883,26958,In,Far
0020,V010,27370,27462,In,Far
0021,V010,28043,28134,In,Far
0022,V010,28787,28872,In,Far
0023,V010,29610,29675,In,Far
0024,V010,30485,30554,Fault,Far
0025,V010,31144,31216,In,Far
0026,V010,31726,31794,In,Far
0027,V010,32326,32395,Fault,Far
0028,V010,32597,32666,In,Far
0029,V010,33879,33926,In,Far
0030,V010,34787,34852,In,Far
0031,V010,35306.0,35381,Let,Far
0032,V010,35765,35842,In,Far
0033,V010,38329,38428,Fault,Far
0034,V010,38696,38739,In,Near
0035,V010,39274.0,39324,In,Near
0036,V010,39942,40030,In,Near
0037,V010,40651,40707,Let,Far
0038,V010,41048,41142,In,Near
0039,V010,41747,41851,In,Near
0040,V010,42802,42905,In,Near
0041,V010,43629,43718,Fault,Far
0042,V010,43958,44054,In,Near
0043,V010,44835,44925,In,Near
0044,V010,45563,45654,In,Near
0045,V010,46434,46526,Fault,Far
0046,V010,46726,46814,In,Near
0047,V010,48254,48326,Let,Far
0048,V010,48643,48706,In,Near
0049,V010,49281,49353,In,Near
0050,V010,49820,49881,In,Near
0051,V010,50345,50408,Fault,Far
0052,V010,50645,50712,In,Near
0053,V010,51476,51541,Fault,Far
0054,V010,51748,51825,In,Near
0055,V010,52326,52398,In,Near
0056,V010,56216,56288,In,Far
0057,V010,56681,56773,In,Far
0058,V010,57253,57336,In,Far
0059,V010,58062,58138,In,Far
0060,V010,58963,59051,In,Far
0061,V010,59898,59955,Fault,Far
0062,V010,60182,60278,In,Far
0063,V010,61732,61807,In,Near
0064,V010,62330.0,62402,In,Near
0065,V010,63312,63373,In,Near
0066,V010,63866,63935,In,Near
0067,V010,64451,64528,In,Near
0068,V010,65433,65527,Fault,Far
0069,V010,65705,65788,Fault,Near
0070,V010,66304,66375,Fault,Far
0071,V010,66715.0,66768,In,Near
0072,V010,67336,67431,In,Near
0073,V010,67800,67887,In,Near
0074,V010,68478,68593,In,Near
0075,V010,68943,69025,In,Near
0076,V010,72106,72186,In,Far
0077,V010,72608,72645,Fault,Far
0078,V010,73152,73208,In,Far
0079,V010,73898,73974,In,Far
0080,V010,74806,74860,In,Far
0081,V010,75532,75602,In,Far
0082,V010,76402,76513,In,Far
0083,V010,76854,76943,In,Far
0084,V010,77867,77958,Fault,Far
0085,V010,78199.0,78232,In,Far
0086,V010,79175,79240,In,Far
0087,V010,80046,80118,In,Far
0088,V010,80536,80617,In,Far
0089,V010,83687,83757,In,Near
0090,V010,84222,84292,In,Near
0091,V010,84739,84792,In,Near
0092,V010,85574,85642,In,Near
0093,V010,86122,86195,Fault,Far
0094,V010,86480,86529,In,Near
0095,V010,87523,87598,In,Near
0096,V010,88754,88862,In,Near
0097,V010,89398,89484,In,Near
0098,V010,90250,90342,In,Near
0099,V010,91118,91194,In,Near
0100,V010,91781,91890,In,Near
0101,V010,92373,92458,Fault,Far
0102,V010,92678,92751,In,Near
0103,V010,93260,93367,Fault,Far
0104,V010,93661,93720,In,Far
0105,V010,94564,94654,Fault,Far
0106,V010,94902,94945,In,Near
0107,V010,95516,95580,In,Near
0108,V010,96412,96506,In,Near
0109,V010,96925,97027,In,Near
0110,V010,99611,99689,In,Far
0111,V010,100115,100186,In,Far
0112,V010,100644,100712,In,Far
0113,V010,101168,101211,In,Far
0114,V010,102067,102146,In,Far
0115,V010,102958,103028,Fault,Far
0116,V010,103275,103318,In,Far
0117,V010,104811,104886,Fault,Far
0118,V010,105089,105139,In,Far
0119,V010,106493,106575,Fault,Far
0120,V010,106946,107009,In,Far
